窗口,模型,阈值,测试AUC,测试F1,测试Recall,测试Precision,测试Brier
H30,状态增强随机森林,0.3599999999999999,0.9701496293262774,0.874412134337678,0.7883417658376684,0.9815800681431004,0.1305357756368276
H30,普通随机森林,0.3599999999999999,0.9759090664800404,0.963375017337918,0.9403976341480796,0.9875033673561016,0.118438840745148
H30,Logistic-GAM,0.3799999999999999,0.9088439427632398,0.7711480623638814,0.6358440818071688,0.9796016951013328,0.1967925604511117
H30,Cox,0.3299999999999999,0.7873270527420246,0.8741150399090035,0.9528682391505736,0.8073857598299681,0.1951457571635928
H60,状态增强随机森林,0.3499999999999999,0.9640167559901264,0.9599103856617058,0.9301237998362568,0.991667879012313,0.1360571685200992
H60,普通随机森林,0.3299999999999999,0.9678732402284632,0.9574511713743784,0.9267372912893542,0.9902706715092388,0.1251186669243933
H60,Logistic-GAM,0.3499999999999999,0.9124794056710432,0.7906156787194002,0.6592403304636911,0.987384575367408,0.2008200407214137
H60,Cox,0.3599999999999999,0.8083293371900674,0.9215884458949316,0.9387823454983004,0.905013034847289,0.167876517204456
