观察期标签,delay_window_count,总窗口数,窗口1权重,延期窗口权重,延续活跃系数,策略编号,策略名称,p0,p1,Pmax,兑换概率,窗口1会员收入,窗口1私教收入,延期窗口会员收入合计,延期窗口私教收入合计,会员收入,私教收入,积分成本,平台利润,总活跃度提升,最终续费概率提升,最终私教购买概率提升,私教期望购买人数提升,私教收入提升,成本收入比,是否利润非负,是否满足成本约束
L2,1,2,1.0,1.0,0.35,S0,无积分基准策略,0,0,0,0.0,8076026.680760962,85647.12111976856,8076026.680760962,85647.12111976856,16152053.361521924,171294.24223953712,0.0,5704606.949204534,0.0,0.0,0.0,0.0,0.0,0.0,True,True
L2,1,2,1.0,1.0,0.35,S1,低补贴保留策略,6,2,120,0.3,9451497.759706408,85175.43412677482,9114960.034459868,75250.80742099592,18566457.794166274,160426.24154777074,53514.60000000003,6492873.500422527,16641.051809930206,39062.61953391177,-31.88179233244934,-31.88179233244934,-10868.000691766385,0.0028576350394407483,True,True
L2,1,2,1.0,1.0,0.35,S2,均衡促活策略,10,4,220,0.5,9850025.921095073,100563.85385713525,9682559.80158741,86403.9792360126,19532585.722682483,186967.83309314784,226171.37829203447,6666323.974574778,59493.659254621525,60127.54493331275,5.126296092262457,5.126296092262457,15673.590853610716,0.011469396487720761,True,True
L2,1,2,1.0,1.0,0.35,S3,私教转化强化策略,9,4,260,0.55,9841209.452063672,99484.73714593262,9665041.083455946,88628.29830827645,19506250.53551962,188113.03545420908,276768.54412790027,6606853.053940229,83871.90453320589,59484.36744453389,12.488232345363148,12.488232345363148,16818.793214671954,0.014053185477687151,True,True
L2,1,2,1.0,1.0,0.35,S4,流失召回强化策略,12,5,300,0.6,9936207.231136587,108408.97790104047,9825965.158600032,98562.99367945733,19762172.38973662,206971.9715804978,384359.39228480455,6594492.53559716,109999.06204771507,65518.93733330081,45.49552518412749,45.49552518412749,35677.72934096068,0.019247664563403113,True,True
L2,1,2,1.0,1.0,0.35,S5,高强度综合激励策略,16,7,420,0.7,9983536.571975889,109889.77584916528,9897289.474854574,107877.54520020794,19880826.04683046,217767.32104937322,671975.0792489175,6351644.233456555,243154.13251667432,68068.13130559861,76.50359152558023,76.50359152558023,46473.07880983609,0.03343393574611152,True,True
