观察期标签,延续活跃系数,最大测试延期窗口数,最大测试总窗口数,最大测试窗口内是否超过S0,首次超过S0的delay_window_count,首次超过S0的总窗口数,首次超过S0时利润差,最大测试窗口时利润差
L1,0.2,12,13,True,1,2,589983.9569727536,2584218.4677414447
L2,0.35,12,13,True,1,2,604992.0910044014,3957618.997725934
L3,0.5,12,13,True,1,2,617231.4655630467,5245166.356592879
L4,0.7,12,13,True,1,2,627394.3215275602,7293178.9147901535
