观察期标签,delay_window_count,总窗口数,窗口1权重,延期窗口权重,延续活跃系数,策略编号,策略名称,p0,p1,Pmax,兑换概率,窗口1会员收入,窗口1私教收入,延期窗口会员收入合计,延期窗口私教收入合计,会员收入,私教收入,积分成本,平台利润,总活跃度提升,总线上活跃提升,最终续费概率提升,最终私教购买概率提升,私教期望购买人数提升,私教收入提升,成本收入比,是否利润非负,是否满足成本约束,TOPSIS得分,排序
L2,1,2,1.0,1.0,0.35,S4,流失召回强化策略,12,5,300,0.6,10037588.970241684,110154.84747379874,9949384.265429216,106107.73926110649,19986973.2356709,216262.58673490523,455576.49851949443,6604742.909985793,219814.70189014787,682187.1784496371,69665.99737848771,69.88676071095254,69.88676071095254,44968.3444953681,0.02254967979011811,True,True,0.559740669651596,1
L2,1,2,1.0,1.0,0.35,S5,高强度综合激励策略,16,7,420,0.7,10093591.118145987,111681.44319635516,9999087.862351252,108436.27450668022,20092678.98049724,220117.7177030354,788873.9182760085,6309599.040208936,405945.353740733,1298494.8434916656,71494.38991246605,77.36412958128315,77.36412958128315,48823.47546349827,0.03883630255335067,True,True,0.54303907546668,2
L2,1,2,1.0,1.0,0.35,S2,均衡促活策略,10,4,220,0.5,10004916.25292711,108277.198504514,9890237.434266537,102751.75155914796,19895153.687193647,211028.95006366196,273175.976635938,6753436.498900937,134732.39808271662,404344.9176002143,67509.86314916264,59.08247420865571,59.08247420865571,39734.70782412484,0.013586665433434163,True,True,0.5356320242131078,3
L2,1,2,1.0,1.0,0.35,S3,私教转化强化策略,9,4,260,0.55,9998574.805257369,108552.48414130916,9900917.268143473,103558.80593140128,19899492.07340084,212111.29007271043,323755.3396197923,6704700.2730923155,146917.78026927108,482891.1502344184,67902.11633382383,61.64337404058571,61.64337404058571,40817.0478331733,0.01609793778092267,True,True,0.5286554316344573,4
L2,1,2,1.0,1.0,0.35,S1,低补贴保留策略,6,2,120,0.3,9906656.922155626,104090.3292158732,9736994.28518477,85859.05702046954,19643651.207340397,189949.38623634272,68463.38854754159,6863799.3498925,55475.6624538752,140188.1314376099,61944.79748866788,3.586224627825519,3.586224627825519,18655.143996805593,0.003451889041756441,True,True,0.45696092283398837,5
