观察期标签,delay_window_count,总窗口数,策略编号,策略名称,平台利润,总活跃度提升,最终续费概率提升,最终私教购买概率提升,私教收入提升,积分成本,成本收入比,原TOPSIS得分,原排序,替代TOPSIS得分,替代排序
L2,1,2,S4,流失召回强化策略,6594492.53559716,109999.06204771508,65518.93733330081,45.49552518412749,35677.72934096068,384359.39228480455,0.0192476645634031,0.5689761734440423,1,0.5753628554002693,1
L2,1,2,S5,高强度综合激励策略,6351644.233456555,243154.13251667432,68068.13130559861,76.50359152558023,46473.07880983609,671975.0792489175,0.0334339357461115,0.5601095983293117,2,0.5519771740251485,2
L2,1,2,S2,均衡促活策略,6666323.974574778,59493.659254621525,60127.54493331275,5.126296092262457,15673.590853610716,226171.37829203447,0.0114693964877207,0.5077456139196631,4,0.526624649169653,3
L2,1,2,S3,私教转化强化策略,6606853.053940229,83871.90453320589,59484.36744453389,12.488232345363148,16818.793214671954,276768.54412790027,0.0140531854776871,0.5097400748437042,3,0.5230532443178039,4
L2,1,2,S1,低补贴保留策略,6492873.500422527,16641.051809930206,39062.61953391177,-31.88179233244934,-10868.000691766383,53514.60000000003,0.0028576350394407,0.3950703724286307,5,0.4024910114452003,5
